<?xml version="1.0" encoding="utf-8"?><?xml-stylesheet type="text/xml" href="https://robotrobotrobot.github.io/feed.xslt.xml"?><feed xmlns="http://www.w3.org/2005/Atom"><generator uri="http://jekyllrb.com" version="3.3.1">Jekyll</generator><link href="https://robotrobotrobot.github.io/feed.xml" rel="self" type="application/atom+xml" /><link href="https://robotrobotrobot.github.io/" rel="alternate" type="text/html" /><updated>2016-11-29T14:34:03-08:00</updated><id>https://robotrobotrobot.github.io//</id><title type="html">Robot Robot Robot</title><subtitle>Design Porfolio
</subtitle><entry><title type="html">Welcome to Jekyll!</title><link href="https://robotrobotrobot.github.io/jekyll/update/2016/11/29/welcome-to-jekyll.html" rel="alternate" type="text/html" title="Welcome to Jekyll!" /><published>2016-11-29T12:44:20-08:00</published><updated>2016-11-29T12:44:20-08:00</updated><id>https://robotrobotrobot.github.io/jekyll/update/2016/11/29/welcome-to-jekyll</id><content type="html" xml:base="https://robotrobotrobot.github.io/jekyll/update/2016/11/29/welcome-to-jekyll.html">&lt;p&gt;You’ll find this post in your &lt;code class=&quot;highlighter-rouge&quot;&gt;_posts&lt;/code&gt; directory. Go ahead and edit it and re-build the site to see your changes. You can rebuild the site in many different ways, but the most common way is to run &lt;code class=&quot;highlighter-rouge&quot;&gt;jekyll serve&lt;/code&gt;, which launches a web server and auto-regenerates your site when a file is updated.&lt;/p&gt;

&lt;p&gt;To add new posts, simply add a file in the &lt;code class=&quot;highlighter-rouge&quot;&gt;_posts&lt;/code&gt; directory that follows the convention &lt;code class=&quot;highlighter-rouge&quot;&gt;YYYY-MM-DD-name-of-post.ext&lt;/code&gt; and includes the necessary front matter. Take a look at the source for this post to get an idea about how it works.&lt;/p&gt;

&lt;p&gt;Jekyll also offers powerful support for code snippets:&lt;/p&gt;

&lt;figure class=&quot;highlight&quot;&gt;&lt;pre&gt;&lt;code class=&quot;language-ruby&quot; data-lang=&quot;ruby&quot;&gt;&lt;span class=&quot;k&quot;&gt;def&lt;/span&gt; &lt;span class=&quot;nf&quot;&gt;print_hi&lt;/span&gt;&lt;span class=&quot;p&quot;&gt;(&lt;/span&gt;&lt;span class=&quot;nb&quot;&gt;name&lt;/span&gt;&lt;span class=&quot;p&quot;&gt;)&lt;/span&gt;
  &lt;span class=&quot;nb&quot;&gt;puts&lt;/span&gt; &lt;span class=&quot;s2&quot;&gt;&quot;Hi, &lt;/span&gt;&lt;span class=&quot;si&quot;&gt;#{&lt;/span&gt;&lt;span class=&quot;nb&quot;&gt;name&lt;/span&gt;&lt;span class=&quot;si&quot;&gt;}&lt;/span&gt;&lt;span class=&quot;s2&quot;&gt;&quot;&lt;/span&gt;
&lt;span class=&quot;k&quot;&gt;end&lt;/span&gt;
&lt;span class=&quot;n&quot;&gt;print_hi&lt;/span&gt;&lt;span class=&quot;p&quot;&gt;(&lt;/span&gt;&lt;span class=&quot;s1&quot;&gt;'Tom'&lt;/span&gt;&lt;span class=&quot;p&quot;&gt;)&lt;/span&gt;
&lt;span class=&quot;c1&quot;&gt;#=&amp;gt; prints 'Hi, Tom' to STDOUT.&lt;/span&gt;&lt;/code&gt;&lt;/pre&gt;&lt;/figure&gt;

&lt;p&gt;Check out the &lt;a href=&quot;http://jekyllrb.com/docs/home&quot;&gt;Jekyll docs&lt;/a&gt; for more info on how to get the most out of Jekyll. File all bugs/feature requests at &lt;a href=&quot;https://github.com/jekyll/jekyll&quot;&gt;Jekyll’s GitHub repo&lt;/a&gt;. If you have questions, you can ask them on &lt;a href=&quot;https://talk.jekyllrb.com/&quot;&gt;Jekyll Talk&lt;/a&gt;.&lt;/p&gt;</content><summary type="html">You’ll find this post in your _posts directory. Go ahead and edit it and re-build the site to see your changes. You can rebuild the site in many different ways, but the most common way is to run jekyll serve, which launches a web server and auto-regenerates your site when a file is updated.</summary></entry><entry><title type="html">Welcome to Robot Robot Robot 2.0!</title><link href="https://robotrobotrobot.github.io/design/site/2016/11/29/This-is-my-site.html" rel="alternate" type="text/html" title="Welcome to Robot Robot Robot 2.0!" /><published>2016-11-29T12:00:20-08:00</published><updated>2016-11-29T12:00:20-08:00</updated><id>https://robotrobotrobot.github.io/design/site/2016/11/29/This-is-my-site</id><content type="html" xml:base="https://robotrobotrobot.github.io/design/site/2016/11/29/This-is-my-site.html">&lt;p&gt;So I really wanted to find a simple way to post some work, so I’ve been looking into Jekyll. &lt;br /&gt; It’s a static site generator which makes a lot of sense for some people.
This is the first post and so far so good. I would say although it does take some computer knowledge, it is pretty, pretty easy.
&lt;br /&gt;Find out more about Jekyll at &lt;a href=&quot;https://talk.jekyllrb.com/&quot;&gt;Jekyll Talks&lt;/a&gt;.
&lt;br /&gt;See the previous version of my design portfolio &lt;a href=&quot;http://robotrobotrobot.com&quot;&gt;Robot Robot Robot&lt;/a&gt;.
&lt;br /&gt;A picture to test images working &lt;br /&gt;&lt;br /&gt;
&lt;img src=&quot;https://robotrobotrobot.github.io/img/r3_cactus-0026127.jpg&quot; alt=&quot;Cactus&quot; /&gt;&lt;br /&gt;
Cactus at Ken’s – Ricoh GR Digital III.&lt;/p&gt;</content><summary type="html">So I really wanted to find a simple way to post some work, so I’ve been looking into Jekyll.  It’s a static site generator which makes a lot of sense for some people.
This is the first post and so far so good. I would say although it does take some computer knowledge, it is pretty, pretty easy.
Find out more about Jekyll at Jekyll Talks.
See the previous version of my design portfolio Robot Robot Robot.
A picture to test images working 

Cactus at Ken’s – Ricoh GR Digital III.</summary></entry></feed>
